[{"produtoID":"1","nomeproduto":"Biscottis","precounitario":"20.00","tempoentrega":"15"},{"produtoID":"2","nomeproduto":"Organic Earl Grey","precounitario":"9.00","tempoentrega":"8"},{"produtoID":"3","nomeproduto":"Sugar","precounitario":"3.00","tempoentrega":"8"},{"produtoID":"4","nomeproduto":"Non-Diary Creamer","precounitario":"3.00","tempoentrega":"5"},{"produtoID":"5","nomeproduto":"Steel Mug","precounitario":"21.00","tempoentrega":"15"},{"produtoID":"6","nomeproduto":"Ceramic Mug","precounitario":"14.00","tempoentrega":"15"},{"produtoID":"7","nomeproduto":"Plastic Mug","precounitario":"7.00","tempoentrega":"8"},{"produtoID":"8","nomeproduto":"Thermometer","precounitario":"3.00","tempoentrega":"30"},{"produtoID":"9","nomeproduto":"Hype Filters","precounitario":"5.00","tempoentrega":"5"},{"produtoID":"10","nomeproduto":"Brave New World T-Shirt","precounitario":"12.00","tempoentrega":"5"},{"produtoID":"11","nomeproduto":"Brave Blend","precounitario":"12.00","tempoentrega":"15"},{"produtoID":"12","nomeproduto":"Brave New World Sweatshirt","precounitario":"21.00","tempoentrega":"15"},{"produtoID":"13","nomeproduto":"Andes Baseball Cap","precounitario":"14.00","tempoentrega":"5"},{"produtoID":"14","nomeproduto":"Andes Toque","precounitario":"9.00","tempoentrega":"5"},{"produtoID":"15","nomeproduto":"Audio CD","precounitario":"14.00","tempoentrega":"5"},{"produtoID":"16","nomeproduto":"Year 1999 Blend","precounitario":"12.00","tempoentrega":"5"},{"produtoID":"17","nomeproduto":"Border Blend","precounitario":"12.00","tempoentrega":"5"},{"produtoID":"18","nomeproduto":"Blond Blend","precounitario":"12.00","tempoentrega":"5"},{"produtoID":"19","nomeproduto":"Winter Blend","precounitario":"12.00","tempoentrega":"8"},{"produtoID":"20","nomeproduto":"Chocolate Mocha Bars","precounitario":"12.00","tempoentrega":"15"},{"produtoID":"21","nomeproduto":"Chocolate Covered Coffee Beans","precounitario":"5.00","tempoentrega":"30"},{"produtoID":"22","nomeproduto":"Breath Mints","precounitario":"2.00","tempoentrega":"30"}]	